Rk,Gcar,Gtm,Date,Team,,Opp,Type,Result,GS,MP,FG,FGA,FG%,3P,3PA,3P%,2P,2PA,2P%,eFG%,FT,FTA,FT%,ORB,DRB,TRB,AST,STL,BLK,TOV,PF,PTS,GmSc
1,1,1,2020-11-25,Iowa,,Northern Iowa,REG (Non-Conf),W 96-81,*,26,10,17,0.588,3,6,0.500,7,11,0.636,0.676,4,4,1.000,1,7,8,4,3,0,4,3,27,22.5
2,2,2,2020-12-02,Iowa,@,Drake,REG (Non-Conf),W 103-97,*,35,12,19,0.632,3,10,0.300,9,9,1.000,0.711,3,4,0.750,0,3,3,13,4,1,5,4,30,29.2
3,3,3,2020-12-05,Iowa,,Wisconsin,REG (Conf),W 85-78,*,31,8,23,0.348,3,10,0.300,5,13,0.385,0.413,4,6,0.667,0,5,5,5,1,0,4,1,23,10.9
4,4,4,2020-12-09,Iowa,,Iowa State,REG (Non-Conf),W 82-80,*,36,11,23,0.478,5,13,0.385,6,10,0.600,0.587,7,8,0.875,0,7,7,6,2,0,7,3,34,22.0
5,5,5,2020-12-12,Iowa,@,Michigan State,REG (Conf),L 82-86,*,36,11,25,0.440,4,10,0.400,7,15,0.467,0.520,9,9,1.000,1,6,7,4,1,2,4,1,35,25.2
6,6,6,2020-12-22,Iowa,,Western Illinois,REG (Non-Conf),W 92-65,*,28,3,15,0.200,1,6,0.167,2,9,0.222,0.233,6,7,0.857,0,13,13,10,3,1,4,1,13,13.5
7,7,7,2020-12-31,Iowa,,Rutgers,REG (Conf),W 90-84,*,34,8,16,0.500,3,8,0.375,5,8,0.625,0.594,9,11,0.818,2,4,6,6,1,0,8,4,28,17.4
8,8,8,2021-01-03,Iowa,@,Illinois,REG (Conf),W 107-68,*,27,7,16,0.438,3,6,0.500,4,10,0.400,0.531,4,5,0.800,1,3,4,4,2,0,3,0,21,15.6
9,9,9,2021-01-06,Iowa,,Minnesota,REG (Conf),W 92-79,*,32,12,19,0.632,5,9,0.556,7,10,0.700,0.763,8,9,0.889,1,10,11,5,0,1,4,1,37,31.6
10,10,10,2021-01-09,Iowa,@,Northwestern,REG (Conf),L 67-77,*,32,3,12,0.250,1,5,0.200,2,7,0.286,0.292,1,2,0.500,1,1,2,8,0,0,4,5,8,1.0
11,11,11,2021-01-13,Iowa,,Ohio State,REG (Conf),L 82-84 (OT),*,40,9,20,0.450,3,9,0.333,6,11,0.545,0.525,6,8,0.750,2,8,10,5,1,2,6,1,27,19.1
12,12,12,2021-01-18,Iowa,,Purdue,REG (Conf),W 87-81,*,30,8,20,0.400,2,9,0.222,6,11,0.545,0.450,8,12,0.667,1,8,9,4,3,1,6,2,26,16.4
13,13,13,2021-01-28,Iowa,,Northwestern,REG (Conf),L 80-87,*,27,8,16,0.500,4,12,0.333,4,4,1.000,0.625,3,4,0.750,0,2,2,8,0,0,3,4,23,16.2
14,14,14,2021-01-31,Iowa,@,Minnesota,REG (Conf),W 94-68,*,28,7,16,0.438,3,8,0.375,4,8,0.500,0.531,5,6,0.833,3,1,4,11,1,0,5,3,22,18.1
15,15,15,2021-02-04,Iowa,@,Ohio State,REG (Conf),L 87-92,*,36,10,21,0.476,4,11,0.364,6,10,0.600,0.571,6,6,1.000,0,4,4,9,0,0,7,5,30,17.8
16,16,16,2021-02-07,Iowa,,Indiana,REG (Conf),L 72-85,*,36,12,27,0.444,4,12,0.333,8,15,0.533,0.519,2,3,0.667,1,3,4,1,0,0,6,3,30,10.6
17,17,17,2021-02-11,Iowa,@,Nebraska,REG (Conf),W 88-81,*,38,12,18,0.667,6,10,0.600,6,8,0.750,0.833,9,9,1.000,1,9,10,9,1,0,7,2,39,34.1
18,18,18,2021-02-18,Iowa,,Penn State,REG (Conf),W 96-78,*,38,12,21,0.571,6,11,0.545,6,10,0.600,0.714,2,2,1.000,0,6,6,7,1,1,4,1,32,26.1
19,19,19,2021-02-23,Iowa,@,Maryland,REG (Conf),L 93-111,*,32,11,20,0.550,9,16,0.563,2,4,0.500,0.775,3,3,1.000,0,3,3,7,1,0,6,2,34,24.4
20,20,20,2021-02-25,Iowa,,Michigan,REG (Conf),W 89-67,*,36,10,17,0.588,7,12,0.583,3,5,0.600,0.794,0,0,,0,5,5,9,1,1,6,2,27,21.8
21,21,21,2021-02-28,Iowa,@,Wisconsin,REG (Conf),W 84-70,*,38,4,13,0.308,3,9,0.333,1,4,0.250,0.423,7,7,1.000,1,6,7,14,1,2,4,1,18,20.8
22,22,22,2021-03-03,Iowa,@,Indiana,REG (Conf),L 80-89,*,33,11,18,0.611,5,7,0.714,6,11,0.545,0.750,5,6,0.833,0,2,2,5,1,0,3,5,32,23.5
23,23,23,2021-03-06,Iowa,,Nebraska,REG (Conf),W 83-75,*,34,11,19,0.579,5,10,0.500,6,9,0.667,0.711,8,8,1.000,1,7,8,4,1,0,3,0,35,29.7
24,24,24,2021-03-10,Iowa,,Purdue,CTOURN,W 83-72,*,36,8,21,0.381,2,8,0.250,6,13,0.462,0.429,9,11,0.818,0,7,7,9,1,0,4,1,27,19.7
25,25,25,2021-03-11,Iowa,@,Rutgers,CTOURN,W 73-62,*,37,7,15,0.467,2,7,0.286,5,8,0.625,0.533,5,5,1.000,0,2,2,10,1,0,5,3,21,15.7
26,26,26,2021-03-12,Iowa,,Michigan State,CTOURN,W 87-72,*,36,6,21,0.286,3,10,0.300,3,11,0.273,0.357,5,5,1.000,0,3,3,11,2,0,3,3,20,14.1
27,27,27,2021-03-13,Iowa,@,Maryland,CTOURN,L 84-104,*,36,7,18,0.389,4,10,0.400,3,8,0.375,0.500,3,4,0.750,0,8,8,7,0,0,6,3,21,10.9
28,28,28,2021-03-21,Iowa,N,Central Michigan,ROUND-64,W 87-72,*,36,8,16,0.500,3,8,0.375,5,8,0.625,0.594,4,5,0.800,0,7,7,7,2,0,3,2,23,19.8
29,29,29,2021-03-23,Iowa,N,Kentucky,ROUND-32,W 86-72,*,37,13,21,0.619,6,12,0.500,7,9,0.778,0.762,3,3,1.000,0,7,7,7,1,1,5,1,35,28.8
30,30,30,2021-03-27,Iowa,N,Connecticut,ROUND-16,L 72-92,*,39,7,21,0.333,4,12,0.333,3,9,0.333,0.429,3,4,0.750,1,2,3,5,2,1,5,2,21,10.4
31,31,1,2021-11-09,Iowa,,New Hampshire,REG (Non-Conf),W 93-50,*,26,6,10,0.600,3,7,0.429,3,3,1.000,0.750,11,11,1.000,0,8,8,6,2,1,5,3,26,24.5
32,32,2,2021-11-11,Iowa,,Samford,REG (Non-Conf),W 91-54,*,25,8,14,0.571,3,8,0.375,5,6,0.833,0.679,0,0,,0,4,4,4,0,0,2,1,19,14.0
33,33,3,2021-11-14,Iowa,@,Northern Iowa,REG (Non-Conf),W 82-61,*,37,9,22,0.409,4,13,0.308,5,9,0.556,0.500,3,5,0.600,0,11,11,7,2,0,4,2,25,17.8
34,34,4,2021-11-17,Iowa,,Southern,REG (Non-Conf),W 87-67,*,29,2,9,0.222,1,6,0.167,1,3,0.333,0.278,11,12,0.917,0,10,10,10,3,1,6,1,16,17.4
35,35,5,2021-12-02,Iowa,@,Duke,REG (Non-Conf),L 64-79,*,35,9,27,0.333,1,13,0.077,8,14,0.571,0.352,3,3,1.000,0,9,9,8,1,0,2,4,22,12.4
36,36,6,2021-12-05,Iowa,,Michigan State,REG (Conf),W 88-61,*,32,9,25,0.360,2,10,0.200,7,15,0.467,0.400,4,4,1.000,4,6,10,12,2,1,2,3,24,22.6
37,37,7,2021-12-08,Iowa,@,Iowa State,REG (Non-Conf),L 70-77,*,40,10,26,0.385,4,12,0.333,6,14,0.429,0.462,2,2,1.000,0,7,7,3,2,1,6,3,26,11.5
38,38,8,2021-12-18,Iowa,,UCF,REG (Non-Conf),W 69-61,*,38,5,18,0.278,3,12,0.250,2,6,0.333,0.361,8,11,0.727,2,9,11,6,0,0,4,3,21,12.3
39,39,9,2021-12-21,Iowa,,IUPUI,REG (Non-Conf),L 73-74,*,34,6,16,0.375,1,7,0.143,5,9,0.556,0.406,6,6,1.000,0,11,11,4,2,1,4,3,19,13.8
40,40,10,2022-01-02,Iowa,,Evansville,REG (Non-Conf),W 93-56,*,30,18,26,0.692,2,7,0.286,16,19,0.842,0.731,6,7,0.857,0,5,5,8,2,0,1,1,44,40.3
41,41,11,2022-01-06,Iowa,,Northwestern,REG (Conf),L 69-77,*,38,8,17,0.471,1,8,0.125,7,9,0.778,0.500,13,13,1.000,0,3,3,5,1,1,4,2,30,22.6
42,42,12,2022-01-09,Iowa,@,Nebraska,REG (Conf),W 95-86,*,40,11,24,0.458,1,6,0.167,10,18,0.556,0.479,8,9,0.889,1,7,8,12,2,1,7,1,31,24.7
43,43,13,2022-01-13,Iowa,@,Purdue,REG (Conf),W 79-66,*,38,5,14,0.357,0,6,0.000,5,8,0.625,0.357,14,16,0.875,0,8,8,9,0,0,3,3,24,19.9
44,44,14,2022-01-16,Iowa,,Nebraska,REG (Conf),W 93-83,*,36,9,22,0.409,1,4,0.250,8,18,0.444,0.432,12,12,1.000,0,10,10,10,4,2,3,2,31,30.8
45,45,15,2022-01-20,Iowa,@,Minnesota,REG (Conf),W 105-49,*,35,14,21,0.667,4,6,0.667,10,15,0.667,0.762,3,4,0.750,0,13,13,11,0,0,4,1,35,32.7
46,46,16,2022-01-23,Iowa,,Illinois,REG (Conf),W 82-56,*,29,8,17,0.471,2,5,0.400,6,12,0.500,0.529,0,1,0.000,1,7,8,7,2,1,6,2,18,12.5
47,47,17,2022-01-25,Iowa,@,Penn State,REG (Conf),W 107-79,*,35,6,17,0.353,4,10,0.400,2,7,0.286,0.471,4,4,1.000,1,6,7,18,0,0,4,3,20,20.4
48,48,18,2022-01-28,Iowa,@,Northwestern,REG (Conf),W 72-67 (OT),*,45,8,22,0.364,3,8,0.375,5,14,0.357,0.432,9,9,1.000,1,10,11,5,0,1,11,1,28,12.3
49,49,19,2022-01-31,Iowa,,Ohio State,REG (Conf),L 88-92,*,36,16,28,0.571,7,14,0.500,9,14,0.643,0.696,4,6,0.667,0,4,4,7,0,0,7,3,43,26.9
50,50,20,2022-02-03,Iowa,@,Wisconsin,REG (Conf),W 84-50,*,31,12,18,0.667,1,4,0.250,11,14,0.786,0.694,2,2,1.000,1,10,11,11,0,0,4,4,27,25.0
51,51,21,2022-02-06,Iowa,@,Michigan,REG (Conf),L 90-98,*,40,14,29,0.483,6,13,0.462,8,16,0.500,0.586,12,14,0.857,1,3,4,10,3,0,4,4,46,36.5
52,52,22,2022-02-09,Iowa,,Minnesota,REG (Conf),W 88-78,*,38,10,20,0.500,4,8,0.500,6,12,0.500,0.600,8,11,0.727,0,8,8,6,3,1,2,1,32,28.7
53,53,23,2022-02-14,Iowa,,Maryland,REG (Conf),L 69-81,*,40,7,25,0.280,3,13,0.231,4,12,0.333,0.340,2,3,0.667,0,6,6,6,1,0,10,3,19,-0.3
54,54,24,2022-02-19,Iowa,@,Indiana,REG (Conf),W 96-91,*,36,7,17,0.412,1,5,0.200,6,12,0.500,0.441,3,6,0.500,0,4,4,12,1,1,4,4,18,13.4
55,55,25,2022-02-21,Iowa,,Indiana,REG (Conf),W 88-82,*,39,9,20,0.450,2,9,0.222,7,11,0.636,0.500,9,9,1.000,0,8,8,8,0,0,7,4,29,18.0
56,56,26,2022-02-24,Iowa,@,Rutgers,REG (Conf),W 87-78,*,39,10,17,0.588,3,5,0.600,7,12,0.583,0.676,9,11,0.818,0,9,9,9,5,0,8,2,32,28.5
57,57,27,2022-02-27,Iowa,,Michigan,REG (Conf),W 104-80,*,37,11,18,0.611,8,11,0.727,3,7,0.429,0.833,8,8,1.000,0,6,6,11,3,0,2,2,38,39.5
58,58,28,2022-03-04,Iowa,,Northwestern,CTOURN,W 72-59,*,38,7,16,0.438,5,8,0.625,2,8,0.250,0.594,0,0,,1,11,12,6,0,3,7,2,19,13.1
59,59,29,2022-03-05,Iowa,,Nebraska,CTOURN,W 83-66,*,40,13,27,0.481,5,13,0.385,8,14,0.571,0.574,10,12,0.833,1,8,9,3,2,1,9,1,41,25.0
60,60,30,2022-03-06,Iowa,,Indiana,CTOURN,W 74-67,*,39,6,17,0.353,1,7,0.143,5,10,0.500,0.382,5,5,1.000,0,7,7,2,0,1,5,4,18,6.1
61,61,31,2022-03-18,Iowa,,Illinois State,ROUND-64,W 98-58,*,33,9,15,0.600,2,6,0.333,7,9,0.778,0.667,7,7,1.000,0,6,6,10,3,0,4,3,27,26.7
62,62,32,2022-03-20,Iowa,,Creighton,ROUND-32,L 62-64,*,40,4,19,0.211,3,10,0.300,1,9,0.111,0.289,4,4,1.000,0,8,8,11,1,2,1,3,15,13.6
63,63,1,2022-11-07,Iowa,,Southern,REG (Non-Conf),W 87-34,*,20,6,10,0.600,3,6,0.500,3,4,0.750,0.750,5,7,0.714,0,9,9,1,1,0,4,1,20,14.6
64,64,2,2022-11-10,Iowa,,Evansville,REG (Non-Conf),W 115-62,*,22,8,12,0.667,2,5,0.400,6,7,0.857,0.750,8,9,0.889,0,5,5,12,2,0,3,1,26,28.9
65,65,3,2022-11-13,Iowa,@,Drake,REG (Non-Conf),W 92-86 (OT),*,43,9,28,0.321,4,14,0.286,5,14,0.357,0.393,6,9,0.667,1,4,5,9,2,0,4,4,28,15.4
66,66,4,2022-11-17,Iowa,@,Kansas State,REG (Non-Conf),L 83-84,*,36,6,17,0.353,2,7,0.286,4,10,0.400,0.412,13,16,0.813,0,10,10,7,1,0,3,1,27,21.8
67,67,5,2022-11-20,Iowa,,Belmont,REG (Non-Conf),W 73-62,*,31,10,18,0.556,3,7,0.429,7,11,0.636,0.639,10,11,0.909,0,3,3,5,2,1,1,2,33,29.3
68,68,6,2022-11-25,Iowa,N,Oregon State,REG (Non-Conf),W 73-59,*,35,12,23,0.522,2,8,0.250,10,15,0.667,0.565,2,3,0.667,0,9,9,8,0,2,0,3,28,24.8
69,69,7,2022-11-27,Iowa,N,Connecticut,REG (Non-Conf),L 79-86,*,40,9,24,0.375,2,11,0.182,7,13,0.538,0.417,5,7,0.714,0,7,7,6,2,1,3,2,25,16.2
70,70,8,2022-12-01,Iowa,,NC State,REG (Non-Conf),L 81-94,*,39,16,28,0.571,5,13,0.385,11,15,0.733,0.661,8,8,1.000,0,6,6,4,1,0,4,3,45,32.2
71,71,9,2022-12-04,Iowa,@,Wisconsin,REG (Conf),W 102-71,*,30,8,14,0.571,2,5,0.400,6,9,0.667,0.643,4,4,1.000,0,10,10,10,2,2,5,1,22,23.4
72,72,10,2022-12-07,Iowa,,Iowa State,REG (Non-Conf),W 70-57,*,39,7,20,0.350,4,9,0.444,3,11,0.273,0.450,1,2,0.500,1,7,8,8,5,0,5,2,19,15.0
73,73,11,2022-12-10,Iowa,,Minnesota,REG (Conf),W 87-64,*,35,11,26,0.423,4,9,0.444,7,17,0.412,0.500,6,8,0.750,2,8,10,9,4,0,3,2,32,27.7
74,74,12,2022-12-18,Iowa,,Northern Iowa,REG (Non-Conf),W 88-74,*,36,6,17,0.353,1,7,0.143,5,10,0.500,0.382,13,14,0.929,0,8,8,7,3,0,2,2,26,23.6
75,75,13,2022-12-21,Iowa,,Dartmouth,REG (Non-Conf),W 92-54,*,26,5,8,0.625,2,3,0.667,3,5,0.600,0.750,8,9,0.889,0,10,10,6,1,0,6,0,20,18.2
76,76,14,2022-12-29,Iowa,,Purdue,REG (Conf),W 83-68,*,31,7,16,0.438,4,10,0.400,3,6,0.500,0.563,6,9,0.667,0,6,6,5,1,0,3,4,24,16.1
77,77,15,2023-01-01,Iowa,@,Illinois,REG (Conf),L 86-90,*,37,11,27,0.407,7,14,0.500,4,13,0.308,0.537,3,3,1.000,1,4,5,7,0,0,5,5,32,17.3
78,78,16,2023-01-07,Iowa,@,Michigan,REG (Conf),W 94-85,*,37,10,17,0.588,2,6,0.333,8,11,0.727,0.647,6,7,0.857,0,8,8,3,0,1,4,0,28,20.9
79,79,17,2023-01-11,Iowa,,Northwestern,REG (Conf),W 93-64,*,32,6,14,0.429,4,8,0.500,2,6,0.333,0.571,4,6,0.667,0,9,9,14,1,1,4,2,20,21.2
80,80,18,2023-01-14,Iowa,,Penn State,REG (Conf),W 108-67,*,28,9,15,0.600,3,7,0.429,6,8,0.750,0.700,6,6,1.000,1,6,7,10,1,0,1,3,27,28.4
81,81,19,2023-01-18,Iowa,@,Michigan State,REG (Conf),W 84-81 (OT),*,43,6,19,0.316,2,10,0.200,4,9,0.444,0.368,12,14,0.857,0,9,9,11,0,2,5,2,26,20.3
82,82,20,2023-01-23,Iowa,@,Ohio State,REG (Conf),W 83-72,*,40,8,19,0.421,3,10,0.300,5,9,0.556,0.500,9,10,0.900,1,9,10,15,1,2,7,1,28,26.4
83,83,21,2023-01-28,Iowa,,Nebraska,REG (Conf),W 80-76,*,37,9,26,0.346,5,12,0.417,4,14,0.286,0.442,10,12,0.833,1,11,12,9,3,1,6,1,33,25.2
84,84,22,2023-02-02,Iowa,,Maryland,REG (Conf),W 96-82,*,39,13,19,0.684,6,11,0.545,7,8,0.875,0.842,10,11,0.909,0,7,7,8,2,1,8,3,42,34.7
85,85,23,2023-02-05,Iowa,@,Penn State,REG (Conf),W 95-51,*,32,9,17,0.529,2,6,0.333,7,11,0.636,0.588,3,3,1.000,3,7,10,14,2,1,4,1,23,27.0
86,86,24,2023-02-09,Iowa,@,Indiana,REG (Conf),L 78-87,*,39,12,28,0.429,3,11,0.273,9,17,0.529,0.482,8,11,0.727,1,3,4,10,2,0,8,4,35,20.0
87,87,25,2023-02-12,Iowa,,Rutgers,REG (Conf),W 111-57,*,21,4,7,0.571,2,4,0.500,2,3,0.667,0.714,5,6,0.833,0,4,4,10,3,0,3,0,15,19.5
88,88,26,2023-02-15,Iowa,,Wisconsin,REG (Conf),W 91-61,*,29,9,12,0.750,4,7,0.571,5,5,1.000,0.917,2,2,1.000,0,6,6,8,1,0,3,0,24,24.6
89,89,27,2023-02-18,Iowa,@,Nebraska,REG (Conf),W 80-60,*,33,10,21,0.476,4,10,0.400,6,11,0.545,0.571,6,7,0.857,0,5,5,8,1,0,3,0,30,24.0
90,90,28,2023-02-21,Iowa,@,Maryland,REG (Conf),L 68-96,*,36,5,13,0.385,4,10,0.400,1,3,0.333,0.538,4,4,1.000,0,5,5,4,0,2,6,2,18,9.8
91,91,29,2023-02-26,Iowa,,Indiana,REG (Conf),W 86-85,*,38,12,22,0.545,4,12,0.333,8,10,0.800,0.636,6,8,0.750,0,9,9,9,1,0,2,3,34,29.4
92,92,30,2023-03-03,Iowa,N,Purdue,CTOURN,W 69-58,*,36,8,18,0.444,3,9,0.333,5,9,0.556,0.528,3,3,1.000,0,8,8,4,0,1,4,4,22,12.9
93,93,31,2023-03-04,Iowa,N,Maryland,CTOURN,W 89-84,*,37,7,18,0.389,5,13,0.385,2,5,0.400,0.528,3,6,0.500,0,5,5,9,0,1,2,3,22,16.3
94,94,32,2023-03-05,Iowa,N,Ohio State,CTOURN,W 105-72,*,33,9,17,0.529,5,11,0.455,4,6,0.667,0.676,7,8,0.875,2,8,10,17,1,0,2,2,30,35.2
95,95,33,2023-03-17,Iowa,,Southeastern Louisiana,ROUND-64,W 95-43,*,29,9,14,0.643,3,6,0.500,6,8,0.750,0.750,5,5,1.000,1,6,7,12,2,1,5,1,26,28.0
96,96,34,2023-03-19,Iowa,,Georgia,ROUND-32,W 74-66,*,40,6,17,0.353,4,10,0.400,2,7,0.286,0.471,6,7,0.857,0,3,3,12,3,0,3,3,22,20.2
97,97,35,2023-03-24,Iowa,N,Colorado,ROUND-16,W 87-77,*,36,11,22,0.500,4,9,0.444,7,13,0.538,0.591,5,6,0.833,0,3,3,8,2,0,4,3,31,22.9
98,98,36,2023-03-26,Iowa,N,Louisville,ROUND-8,W 97-83,*,39,11,19,0.579,8,14,0.571,3,5,0.600,0.789,11,13,0.846,0,10,10,12,3,0,9,2,41,35.9
99,99,37,2023-03-31,Iowa,N,South Carolina,NATIONAL-SEMI,W 77-73,*,39,15,31,0.484,5,17,0.294,10,14,0.714,0.565,6,6,1.000,0,6,6,8,1,0,8,3,41,24.5
100,100,38,2023-04-02,Iowa,N,Louisiana State,NATIONAL-FINAL,L 85-102,*,35,9,22,0.409,8,19,0.421,1,3,0.333,0.591,4,5,0.800,0,2,2,8,0,0,6,4,30,16.4
101,101,1,2023-11-06,Iowa,,FDU,REG (Non-Conf),W 102-46,*,24,11,17,0.647,4,9,0.444,7,8,0.875,0.765,2,3,0.667,0,7,7,10,2,0,0,1,28,30.8
102,102,2,2023-11-09,Iowa,N,Virginia Tech,REG (Non-Conf),W 80-76,*,40,13,31,0.419,5,16,0.313,8,15,0.533,0.500,13,17,0.765,0,8,8,6,0,1,1,2,44,31.4
103,103,3,2023-11-12,Iowa,@,Northern Iowa,REG (Non-Conf),W 94-53,*,31,6,13,0.462,2,5,0.400,4,8,0.500,0.538,10,12,0.833,0,10,10,11,1,0,3,1,24,24.8
104,104,4,2023-11-16,Iowa,,Kansas State,REG (Non-Conf),L 58-65,*,37,9,32,0.281,2,16,0.125,7,16,0.438,0.313,4,5,0.800,0,6,6,3,0,0,4,0,24,4.7
105,105,5,2023-11-19,Iowa,,Drake,REG (Non-Conf),W 113-90,*,30,14,22,0.636,5,11,0.455,9,11,0.818,0.750,2,2,1.000,0,6,6,10,7,0,3,2,35,37.2
106,106,6,2023-11-24,Iowa,N,Purdue Fort Wayne,REG (Non-Conf),W 98-59,*,23,8,13,0.615,6,9,0.667,2,4,0.500,0.846,7,9,0.778,0,3,3,8,3,0,5,1,29,26.4
107,107,7,2023-11-25,Iowa,N,Florida Gulf Coast,REG (Non-Conf),W 100-62,*,26,7,14,0.500,4,8,0.500,3,6,0.500,0.643,3,4,0.750,2,4,6,6,0,0,6,1,21,14.0
108,108,8,2023-11-26,Iowa,N,Kansas State,REG (Non-Conf),W 77-70,*,39,10,25,0.400,7,16,0.438,3,9,0.333,0.540,5,8,0.625,1,4,5,6,3,0,2,1,32,24.0
109,109,9,2023-12-02,Iowa,,Bowling Green,REG (Non-Conf),W 99-65,*,32,10,20,0.500,2,11,0.182,8,9,0.889,0.550,2,3,0.667,0,7,7,11,0,2,4,3,24,19.6
110,110,10,2023-12-06,Iowa,@,Iowa State,REG (Non-Conf),W 67-58,*,39,12,31,0.387,6,16,0.375,6,15,0.400,0.484,5,5,1.000,2,7,9,5,0,0,3,4,35,20.5
111,111,11,2023-12-10,Iowa,@,Wisconsin,REG (Conf),W 87-65,*,35,11,19,0.579,4,8,0.500,7,11,0.636,0.684,2,2,1.000,1,8,9,5,0,0,4,1,28,21.3
112,112,12,2023-12-16,Iowa,N,Cleveland State,REG (Non-Conf),W 104-75,*,31,13,21,0.619,9,16,0.563,4,5,0.800,0.833,3,3,1.000,0,5,5,5,2,0,9,3,38,25.3
113,113,13,2023-12-21,Iowa,,Loyola Chicago,REG (Non-Conf),W 98-69,*,36,12,21,0.571,4,12,0.333,8,9,0.889,0.667,7,8,0.875,1,16,17,10,1,1,4,1,35,34.5
114,114,14,2023-12-30,Iowa,,Minnesota,REG (Conf),W 94-71,*,32,13,22,0.591,8,16,0.500,5,6,0.833,0.773,1,3,0.333,0,5,5,10,2,2,9,2,35,26.1
115,115,15,2024-01-02,Iowa,,Michigan State,REG (Conf),W 76-73,*,37,14,34,0.412,8,20,0.400,6,14,0.429,0.529,4,4,1.000,0,1,1,5,3,1,6,2,40,22.5
116,116,16,2024-01-05,Iowa,@,Rutgers,REG (Conf),W 103-69,*,29,10,22,0.455,3,9,0.333,7,13,0.538,0.523,6,7,0.857,1,9,10,10,2,0,3,3,29,25.4
117,117,17,2024-01-10,Iowa,@,Purdue,REG (Conf),W 96-71,*,35,8,18,0.444,6,14,0.429,2,4,0.500,0.611,4,4,1.000,0,10,10,10,1,1,5,1,26,22.9
118,118,18,2024-01-13,Iowa,,Indiana,REG (Conf),W 84-57,*,34,10,21,0.476,6,16,0.375,4,5,0.800,0.619,4,4,1.000,0,5,5,11,1,1,6,4,30,22.6
119,119,19,2024-01-16,Iowa,,Wisconsin,REG (Conf),W 96-50,*,33,8,18,0.444,6,14,0.429,2,4,0.500,0.611,10,10,1.000,0,7,7,5,4,1,4,1,32,28.5
120,120,20,2024-01-21,Iowa,@,Ohio State,REG (Conf),L 92-100 (OT),*,43,12,25,0.480,7,18,0.389,5,7,0.714,0.620,14,16,0.875,0,3,3,7,2,1,7,4,45,31.4
121,121,21,2024-01-27,Iowa,,Nebraska,REG (Conf),W 92-73,*,35,12,22,0.545,8,15,0.533,4,7,0.571,0.727,6,7,0.857,0,10,10,6,2,0,5,3,38,30.0
122,122,22,2024-01-31,Iowa,@,Northwestern,REG (Conf),W 110-74,*,32,11,22,0.500,3,12,0.250,8,10,0.800,0.568,10,10,1.000,0,6,6,10,2,1,1,1,35,34.1
123,123,23,2024-02-03,Iowa,@,Maryland,REG (Conf),W 93-85,*,39,13,29,0.448,7,17,0.412,6,12,0.500,0.569,5,5,1.000,0,6,6,12,0,1,6,1,38,27.4
124,124,24,2024-02-08,Iowa,,Penn State,REG (Conf),W 111-93,*,37,8,23,0.348,4,14,0.286,4,9,0.444,0.435,7,7,1.000,0,5,5,15,0,1,12,3,27,13.6
125,125,25,2024-02-11,Iowa,@,Nebraska,REG (Conf),L 79-82,*,39,10,25,0.400,5,15,0.333,5,10,0.500,0.500,6,9,0.667,0,8,8,10,4,2,2,1,31,28.7
126,126,26,2024-02-15,Iowa,,Michigan,REG (Conf),W 106-89,*,37,16,31,0.516,9,18,0.500,7,13,0.538,0.661,8,8,1.000,0,5,5,13,1,0,5,1,49,39.9
127,127,27,2024-02-22,Iowa,@,Indiana,REG (Conf),L 69-86,*,39,8,26,0.308,3,16,0.188,5,10,0.500,0.365,5,8,0.625,0,10,10,9,2,0,5,2,24,13.3
128,128,28,2024-02-25,Iowa,,Illinois,REG (Conf),W 101-85,*,33,6,18,0.333,5,14,0.357,1,4,0.250,0.472,7,8,0.875,1,14,15,10,2,0,5,2,24,21.5
129,129,29,2024-02-28,Iowa,@,Minnesota,REG (Conf),W 108-60,*,29,12,20,0.600,8,14,0.571,4,6,0.667,0.800,1,1,1.000,1,9,10,12,2,0,5,3,33,31.4
130,130,30,2024-03-03,Iowa,,Ohio State,REG (Conf),W 93-83,*,39,10,26,0.385,6,17,0.353,4,9,0.444,0.500,9,10,0.900,0,6,6,9,3,0,5,3,35,25.3
131,131,31,2024-03-08,Iowa,N,Penn State,CTOURN,W 95-62,*,32,5,19,0.263,2,14,0.143,3,5,0.600,0.316,12,13,0.923,0,10,10,7,1,1,6,1,24,15.5
132,132,32,2024-03-09,Iowa,N,Michigan,CTOURN,W 95-68,*,32,10,19,0.526,4,11,0.364,6,8,0.750,0.632,4,4,1.000,0,4,4,15,2,0,6,2,28,25.6
133,133,33,2024-03-10,Iowa,N,Nebraska,CTOURN,W 94-89 (OT),*,44,12,29,0.414,5,17,0.294,7,12,0.583,0.500,5,6,0.833,2,5,7,12,3,0,7,3,34,24.2
134,134,34,2024-03-23,Iowa,,Holy Cross,ROUND-64,W 91-65,*,32,8,19,0.421,3,9,0.333,5,10,0.500,0.500,8,9,0.889,1,7,8,10,3,1,6,3,27,22.8
135,135,35,2024-03-25,Iowa,,West Virginia,ROUND-32,W 64-54,*,40,8,22,0.364,5,14,0.357,3,8,0.375,0.477,11,12,0.917,0,8,8,3,2,0,6,1,32,19.5
136,136,36,2024-03-30,Iowa,N,Colorado,ROUND-16,W 89-68,*,36,13,22,0.591,3,11,0.273,10,11,0.909,0.659,0,0,,0,6,6,15,1,1,2,3,29,29.6
137,137,37,2024-04-01,Iowa,N,Louisiana State,ROUND-8,W 94-87,*,40,13,29,0.448,9,20,0.450,4,9,0.444,0.603,6,7,0.857,2,5,7,12,2,1,5,2,41,33.7
138,138,38,2024-04-05,Iowa,N,Connecticut,NATIONAL-SEMI,W 71-69,*,40,7,18,0.389,3,11,0.273,4,7,0.571,0.472,4,5,0.800,0,9,9,7,2,0,4,2,21,15.6
139,139,39,2024-04-07,Iowa,N,South Carolina,NATIONAL-FINAL,L 75-87,*,40,10,28,0.357,5,13,0.385,5,15,0.333,0.446,5,6,0.833,2,6,8,5,0,0,4,3,30,15.5
,,,,Iowa,,,,109-30,139,4837,1293,2798,0.462,548,1452,0.377,745,1346,0.553,0.560,817,952,0.858,64,926,990,1144,210,74,639,306,3951,22.2